 ,Area,Mean,Min,Max,X,Y,Circ.,Slice,AR,Round,Solidity
1,1089,169.422,107,255,16.500,16.500,0.785,1,1.000,1.000,1.000
2,1089,152.975,2,255,16.500,16.500,0.785,2,1.000,1.000,1.000
3,1089,150.384,55,255,16.500,16.500,0.785,3,1.000,1.000,1.000
4,1089,198.149,128,255,16.500,16.500,0.785,4,1.000,1.000,1.000
5,1089,158.114,30,255,16.500,16.500,0.785,5,1.000,1.000,1.000
6,1089,152.975,2,255,16.500,16.500,0.785,6,1.000,1.000,1.000
7,1089,169.119,107,255,16.500,16.500,0.785,7,1.000,1.000,1.000
8,1089,158.114,30,255,16.500,16.500,0.785,8,1.000,1.000,1.000
9,1089,158.114,30,255,16.500,16.500,0.785,9,1.000,1.000,1.000
10,1089,152.975,2,255,16.500,16.500,0.785,10,1.000,1.000,1.000
11,1089,182.489,79,255,16.500,16.500,0.785,11,1.000,1.000,1.000
12,1089,169.121,107,255,16.500,16.500,0.785,12,1.000,1.000,1.000
13,1089,150.373,55,255,16.500,16.500,0.785,13,1.000,1.000,1.000
14,1089,182.489,79,255,16.500,16.500,0.785,14,1.000,1.000,1.000
15,1089,169.123,107,255,16.500,16.500,0.785,15,1.000,1.000,1.000
16,1089,169.121,107,255,16.500,16.500,0.785,16,1.000,1.000,1.000
17,1089,198.149,128,255,16.500,16.500,0.785,17,1.000,1.000,1.000
18,1089,158.114,30,255,16.500,16.500,0.785,18,1.000,1.000,1.000
19,1089,150.384,55,255,16.500,16.500,0.785,19,1.000,1.000,1.000
20,1089,169.121,107,255,16.500,16.500,0.785,20,1.000,1.000,1.000
21,1089,152.973,2,255,16.500,16.500,0.785,21,1.000,1.000,1.000
22,1089,150.384,55,255,16.500,16.500,0.785,22,1.000,1.000,1.000
23,1089,198.144,128,255,16.500,16.500,0.785,23,1.000,1.000,1.000
24,1089,158.114,30,255,16.500,16.500,0.785,24,1.000,1.000,1.000
25,1089,182.488,79,255,16.500,16.500,0.785,25,1.000,1.000,1.000
26,1089,150.384,55,255,16.500,16.500,0.785,26,1.000,1.000,1.000
27,1089,182.482,79,255,16.500,16.500,0.785,27,1.000,1.000,1.000
28,1089,150.384,55,255,16.500,16.500,0.785,28,1.000,1.000,1.000
29,1089,182.489,79,255,16.500,16.500,0.785,29,1.000,1.000,1.000
30,1089,198.151,128,255,16.500,16.500,0.785,30,1.000,1.000,1.000
31,1089,198.146,128,255,16.500,16.500,0.785,31,1.000,1.000,1.000
32,1089,153.280,2,255,16.500,16.500,0.785,32,1.000,1.000,1.000
33,1089,152.975,2,255,16.500,16.500,0.785,33,1.000,1.000,1.000
34,1089,168.822,107,255,16.500,16.500,0.785,34,1.000,1.000,1.000
35,1089,197.846,128,255,16.500,16.500,0.785,35,1.000,1.000,1.000
36,1089,197.846,128,255,16.500,16.500,0.785,36,1.000,1.000,1.000
37,1089,150.063,55,255,16.500,16.500,0.785,37,1.000,1.000,1.000
38,1089,168.818,107,255,16.500,16.500,0.785,38,1.000,1.000,1.000
39,1089,150.085,55,255,16.500,16.500,0.785,39,1.000,1.000,1.000
40,1089,152.669,2,255,16.500,16.500,0.785,40,1.000,1.000,1.000
41,1089,168.822,107,255,16.500,16.500,0.785,41,1.000,1.000,1.000
42,1089,168.820,107,255,16.500,16.500,0.785,42,1.000,1.000,1.000
43,1089,150.074,55,255,16.500,16.500,0.785,43,1.000,1.000,1.000
44,1089,168.820,107,255,16.500,16.500,0.785,44,1.000,1.000,1.000
45,1089,182.177,79,255,16.500,16.500,0.785,45,1.000,1.000,1.000
46,1089,152.672,2,255,16.500,16.500,0.785,46,1.000,1.000,1.000
47,1089,152.670,2,255,16.500,16.500,0.785,47,1.000,1.000,1.000
48,1089,157.811,30,255,16.500,16.500,0.785,48,1.000,1.000,1.000
49,1089,152.670,2,255,16.500,16.500,0.785,49,1.000,1.000,1.000
50,1089,150.074,55,255,16.500,16.500,0.785,50,1.000,1.000,1.000
51,1089,150.085,55,255,16.500,16.500,0.785,51,1.000,1.000,1.000
52,1089,168.822,107,255,16.500,16.500,0.785,52,1.000,1.000,1.000
53,1089,182.177,79,255,16.500,16.500,0.785,53,1.000,1.000,1.000
54,1089,150.074,55,255,16.500,16.500,0.785,54,1.000,1.000,1.000
55,1089,157.811,30,255,16.500,16.500,0.785,55,1.000,1.000,1.000
56,1089,150.074,55,255,16.500,16.500,0.785,56,1.000,1.000,1.000
57,1089,168.818,107,255,16.500,16.500,0.785,57,1.000,1.000,1.000
58,1089,168.822,107,255,16.500,16.500,0.785,58,1.000,1.000,1.000
59,1089,182.170,79,255,16.500,16.500,0.785,59,1.000,1.000,1.000
60,1089,197.846,128,255,16.500,16.500,0.785,60,1.000,1.000,1.000
61,1089,168.822,107,255,16.500,16.500,0.785,61,1.000,1.000,1.000
62,1089,152.674,2,255,16.500,16.500,0.785,62,1.000,1.000,1.000
63,1089,182.185,79,255,16.500,16.500,0.785,63,1.000,1.000,1.000
64,1089,152.975,2,255,16.500,16.500,0.785,64,1.000,1.000,1.000
65,1089,150.384,55,255,16.500,16.500,0.785,65,1.000,1.000,1.000
66,1089,150.074,55,255,16.500,16.500,0.785,66,1.000,1.000,1.000
67,1089,157.803,30,255,16.500,16.500,0.785,67,1.000,1.000,1.000
68,1089,182.175,79,255,16.500,16.500,0.785,68,1.000,1.000,1.000
69,1089,182.185,79,255,16.500,16.500,0.785,69,1.000,1.000,1.000
70,1089,182.185,79,255,16.500,16.500,0.785,70,1.000,1.000,1.000
71,1089,150.085,55,255,16.500,16.500,0.785,71,1.000,1.000,1.000
72,1089,150.074,55,255,16.500,16.500,0.785,72,1.000,1.000,1.000
73,1089,197.850,128,255,16.500,16.500,0.785,73,1.000,1.000,1.000
74,1089,150.085,55,255,16.500,16.500,0.785,74,1.000,1.000,1.000
75,1089,150.085,55,255,16.500,16.500,0.785,75,1.000,1.000,1.000
76,1089,150.074,55,255,16.500,16.500,0.785,76,1.000,1.000,1.000
77,1089,182.177,79,255,16.500,16.500,0.785,77,1.000,1.000,1.000
78,1089,168.822,107,255,16.500,16.500,0.785,78,1.000,1.000,1.000
79,1089,182.177,79,255,16.500,16.500,0.785,79,1.000,1.000,1.000
80,1089,168.820,107,255,16.500,16.500,0.785,80,1.000,1.000,1.000
81,1089,168.822,107,255,16.500,16.500,0.785,81,1.000,1.000,1.000
82,1089,168.820,107,255,16.500,16.500,0.785,82,1.000,1.000,1.000
83,1089,168.820,107,255,16.500,16.500,0.785,83,1.000,1.000,1.000
84,1089,152.674,2,255,16.500,16.500,0.785,84,1.000,1.000,1.000
85,1089,182.175,79,255,16.500,16.500,0.785,85,1.000,1.000,1.000
86,1089,157.811,30,255,16.500,16.500,0.785,86,1.000,1.000,1.000
87,1089,152.670,2,255,16.500,16.500,0.785,87,1.000,1.000,1.000
88,1089,168.820,107,255,16.500,16.500,0.785,88,1.000,1.000,1.000
89,1089,182.177,79,255,16.500,16.500,0.785,89,1.000,1.000,1.000
90,1089,168.824,107,255,16.500,16.500,0.785,90,1.000,1.000,1.000
91,1089,182.175,79,255,16.500,16.500,0.785,91,1.000,1.000,1.000
92,1089,157.803,30,255,16.500,16.500,0.785,92,1.000,1.000,1.000
93,1089,197.848,128,255,16.500,16.500,0.785,93,1.000,1.000,1.000
94,1089,197.850,128,255,16.500,16.500,0.785,94,1.000,1.000,1.000
95,1089,152.670,2,255,16.500,16.500,0.785,95,1.000,1.000,1.000
96,1089,182.485,79,255,16.500,16.500,0.785,96,1.000,1.000,1.000
97,1089,150.384,55,255,16.500,16.500,0.785,97,1.000,1.000,1.000
98,1089,157.811,30,255,16.500,16.500,0.785,98,1.000,1.000,1.000
99,1089,182.175,79,255,16.500,16.500,0.785,99,1.000,1.000,1.000
100,1089,182.170,79,255,16.500,16.500,0.785,100,1.000,1.000,1.000
101,1089,197.846,128,255,16.500,16.500,0.785,101,1.000,1.000,1.000
102,1089,197.846,128,255,16.500,16.500,0.785,102,1.000,1.000,1.000
103,1089,168.822,107,255,16.500,16.500,0.785,103,1.000,1.000,1.000
104,1089,182.185,79,255,16.500,16.500,0.785,104,1.000,1.000,1.000
105,1089,168.824,107,255,16.500,16.500,0.785,105,1.000,1.000,1.000
106,1089,152.672,2,255,16.500,16.500,0.785,106,1.000,1.000,1.000
107,1089,152.672,2,255,16.500,16.500,0.785,107,1.000,1.000,1.000
108,1089,182.185,79,255,16.500,16.500,0.785,108,1.000,1.000,1.000
109,1089,150.063,55,255,16.500,16.500,0.785,109,1.000,1.000,1.000
110,1089,157.803,30,255,16.500,16.500,0.785,110,1.000,1.000,1.000
111,1089,157.796,30,255,16.500,16.500,0.785,111,1.000,1.000,1.000
112,1089,182.181,79,255,16.500,16.500,0.785,112,1.000,1.000,1.000
113,1089,157.811,30,255,16.500,16.500,0.785,113,1.000,1.000,1.000
114,1089,182.183,79,255,16.500,16.500,0.785,114,1.000,1.000,1.000
115,1089,150.085,55,255,16.500,16.500,0.785,115,1.000,1.000,1.000
116,1089,197.850,128,255,16.500,16.500,0.785,116,1.000,1.000,1.000
117,1089,197.846,128,255,16.500,16.500,0.785,117,1.000,1.000,1.000
118,1089,197.846,128,255,16.500,16.500,0.785,118,1.000,1.000,1.000
119,1089,197.846,128,255,16.500,16.500,0.785,119,1.000,1.000,1.000
120,1089,182.185,79,255,16.500,16.500,0.785,120,1.000,1.000,1.000
121,1089,182.170,79,255,16.500,16.500,0.785,121,1.000,1.000,1.000
122,1089,168.822,107,255,16.500,16.500,0.785,122,1.000,1.000,1.000
123,1089,197.844,128,255,16.500,16.500,0.785,123,1.000,1.000,1.000
124,1089,157.803,30,255,16.500,16.500,0.785,124,1.000,1.000,1.000
125,1089,168.820,107,255,16.500,16.500,0.785,125,1.000,1.000,1.000
126,1089,150.085,55,255,16.500,16.500,0.785,126,1.000,1.000,1.000
127,1089,157.811,30,255,16.500,16.500,0.785,127,1.000,1.000,1.000
128,1089,150.373,55,255,16.500,16.500,0.785,128,1.000,1.000,1.000
129,1089,152.975,2,255,16.500,16.500,0.785,129,1.000,1.000,1.000
130,1089,168.820,107,255,16.500,16.500,0.785,130,1.000,1.000,1.000
131,1089,150.063,55,255,16.500,16.500,0.785,131,1.000,1.000,1.000
132,1089,157.803,30,255,16.500,16.500,0.785,132,1.000,1.000,1.000
133,1089,152.670,2,255,16.500,16.500,0.785,133,1.000,1.000,1.000
134,1089,152.672,2,255,16.500,16.500,0.785,134,1.000,1.000,1.000
135,1089,168.822,107,255,16.500,16.500,0.785,135,1.000,1.000,1.000
136,1089,197.841,128,255,16.500,16.500,0.785,136,1.000,1.000,1.000
137,1089,197.846,128,255,16.500,16.500,0.785,137,1.000,1.000,1.000
138,1089,197.850,128,255,16.500,16.500,0.785,138,1.000,1.000,1.000
139,1089,152.672,2,255,16.500,16.500,0.785,139,1.000,1.000,1.000
140,1089,150.063,55,255,16.500,16.500,0.785,140,1.000,1.000,1.000
141,1089,182.185,79,255,16.500,16.500,0.785,141,1.000,1.000,1.000
142,1089,182.177,79,255,16.500,16.500,0.785,142,1.000,1.000,1.000
143,1089,182.177,79,255,16.500,16.500,0.785,143,1.000,1.000,1.000
144,1089,197.846,128,255,16.500,16.500,0.785,144,1.000,1.000,1.000
145,1089,197.841,128,255,16.500,16.500,0.785,145,1.000,1.000,1.000
146,1089,152.672,2,255,16.500,16.500,0.785,146,1.000,1.000,1.000
147,1089,152.672,2,255,16.500,16.500,0.785,147,1.000,1.000,1.000
148,1089,197.846,128,255,16.500,16.500,0.785,148,1.000,1.000,1.000
149,1089,150.085,55,255,16.500,16.500,0.785,149,1.000,1.000,1.000
150,1089,197.850,128,255,16.500,16.500,0.785,150,1.000,1.000,1.000
151,1089,182.185,79,255,16.500,16.500,0.785,151,1.000,1.000,1.000
152,1089,150.074,55,255,16.500,16.500,0.785,152,1.000,1.000,1.000
153,1089,182.175,79,255,16.500,16.500,0.785,153,1.000,1.000,1.000
154,1089,157.811,30,255,16.500,16.500,0.785,154,1.000,1.000,1.000
155,1089,168.822,107,255,16.500,16.500,0.785,155,1.000,1.000,1.000
156,1089,197.846,128,255,16.500,16.500,0.785,156,1.000,1.000,1.000
157,1089,168.824,107,255,16.500,16.500,0.785,157,1.000,1.000,1.000
158,1089,197.850,128,255,16.500,16.500,0.785,158,1.000,1.000,1.000
159,1089,150.074,55,255,16.500,16.500,0.785,159,1.000,1.000,1.000
160,1089,198.151,128,255,16.500,16.500,0.785,160,1.000,1.000,1.000
161,1089,169.121,107,255,16.500,16.500,0.785,161,1.000,1.000,1.000
162,1089,168.822,107,255,16.500,16.500,0.785,162,1.000,1.000,1.000
163,1089,182.185,79,255,16.500,16.500,0.785,163,1.000,1.000,1.000
164,1089,197.846,128,255,16.500,16.500,0.785,164,1.000,1.000,1.000
165,1089,150.074,55,255,16.500,16.500,0.785,165,1.000,1.000,1.000
166,1089,182.183,79,255,16.500,16.500,0.785,166,1.000,1.000,1.000
167,1089,157.811,30,255,16.500,16.500,0.785,167,1.000,1.000,1.000
168,1089,182.183,79,255,16.500,16.500,0.785,168,1.000,1.000,1.000
169,1089,182.177,79,255,16.500,16.500,0.785,169,1.000,1.000,1.000
170,1089,152.672,2,255,16.500,16.500,0.785,170,1.000,1.000,1.000
171,1089,197.850,128,255,16.500,16.500,0.785,171,1.000,1.000,1.000
172,1089,182.177,79,255,16.500,16.500,0.785,172,1.000,1.000,1.000
173,1089,197.846,128,255,16.500,16.500,0.785,173,1.000,1.000,1.000
174,1089,197.846,128,255,16.500,16.500,0.785,174,1.000,1.000,1.000
175,1089,152.672,2,255,16.500,16.500,0.785,175,1.000,1.000,1.000
176,1089,168.822,107,255,16.500,16.500,0.785,176,1.000,1.000,1.000
177,1089,182.185,79,255,16.500,16.500,0.785,177,1.000,1.000,1.000
178,1089,152.674,2,255,16.500,16.500,0.785,178,1.000,1.000,1.000
179,1089,168.824,107,255,16.500,16.500,0.785,179,1.000,1.000,1.000
180,1089,182.177,79,255,16.500,16.500,0.785,180,1.000,1.000,1.000
181,1089,168.818,107,255,16.500,16.500,0.785,181,1.000,1.000,1.000
182,1089,150.074,55,255,16.500,16.500,0.785,182,1.000,1.000,1.000
183,1089,168.820,107,255,16.500,16.500,0.785,183,1.000,1.000,1.000
184,1089,152.670,2,255,16.500,16.500,0.785,184,1.000,1.000,1.000
185,1089,152.670,2,255,16.500,16.500,0.785,185,1.000,1.000,1.000
186,1089,150.063,55,255,16.500,16.500,0.785,186,1.000,1.000,1.000
187,1089,152.670,2,255,16.500,16.500,0.785,187,1.000,1.000,1.000
188,1089,168.824,107,255,16.500,16.500,0.785,188,1.000,1.000,1.000
189,1089,197.850,128,255,16.500,16.500,0.785,189,1.000,1.000,1.000
190,1089,197.850,128,255,16.500,16.500,0.785,190,1.000,1.000,1.000
191,1089,150.085,55,255,16.500,16.500,0.785,191,1.000,1.000,1.000
192,1089,198.151,128,255,16.500,16.500,0.785,192,1.000,1.000,1.000
193,1089,182.485,79,255,16.500,16.500,0.785,193,1.000,1.000,1.000
194,1089,150.085,55,255,16.500,16.500,0.785,194,1.000,1.000,1.000
195,1089,150.063,55,255,16.500,16.500,0.785,195,1.000,1.000,1.000
196,1089,197.846,128,255,16.500,16.500,0.785,196,1.000,1.000,1.000
197,1089,182.177,79,255,16.500,16.500,0.785,197,1.000,1.000,1.000
198,1089,197.841,128,255,16.500,16.500,0.785,198,1.000,1.000,1.000
199,1089,150.074,55,255,16.500,16.500,0.785,199,1.000,1.000,1.000
200,1089,168.818,107,255,16.500,16.500,0.785,200,1.000,1.000,1.000
201,1089,182.175,79,255,16.500,16.500,0.785,201,1.000,1.000,1.000
202,1089,157.803,30,255,16.500,16.500,0.785,202,1.000,1.000,1.000
203,1089,152.670,2,255,16.500,16.500,0.785,203,1.000,1.000,1.000
204,1089,182.177,79,255,16.500,16.500,0.785,204,1.000,1.000,1.000
205,1089,168.820,107,255,16.500,16.500,0.785,205,1.000,1.000,1.000
206,1089,150.085,55,255,16.500,16.500,0.785,206,1.000,1.000,1.000
207,1089,168.820,107,255,16.500,16.500,0.785,207,1.000,1.000,1.000
208,1089,157.811,30,255,16.500,16.500,0.785,208,1.000,1.000,1.000
209,1089,197.839,128,255,16.500,16.500,0.785,209,1.000,1.000,1.000
210,1089,152.674,2,255,16.500,16.500,0.785,210,1.000,1.000,1.000
211,1089,168.822,107,255,16.500,16.500,0.785,211,1.000,1.000,1.000
212,1089,157.803,30,255,16.500,16.500,0.785,212,1.000,1.000,1.000
213,1089,182.181,79,255,16.500,16.500,0.785,213,1.000,1.000,1.000
214,1089,157.803,30,255,16.500,16.500,0.785,214,1.000,1.000,1.000
215,1089,168.820,107,255,16.500,16.500,0.785,215,1.000,1.000,1.000
216,1089,150.085,55,255,16.500,16.500,0.785,216,1.000,1.000,1.000
217,1089,152.672,2,255,16.500,16.500,0.785,217,1.000,1.000,1.000
218,1089,182.185,79,255,16.500,16.500,0.785,218,1.000,1.000,1.000
219,1089,182.177,79,255,16.500,16.500,0.785,219,1.000,1.000,1.000
220,1089,168.822,107,255,16.500,16.500,0.785,220,1.000,1.000,1.000
221,1089,152.672,2,255,16.500,16.500,0.785,221,1.000,1.000,1.000
222,1089,168.822,107,255,16.500,16.500,0.785,222,1.000,1.000,1.000
223,1089,168.822,107,255,16.500,16.500,0.785,223,1.000,1.000,1.000
224,1089,198.151,128,255,16.500,16.500,0.785,224,1.000,1.000,1.000
225,1089,198.141,128,255,16.500,16.500,0.785,225,1.000,1.000,1.000
226,1089,150.085,55,255,16.500,16.500,0.785,226,1.000,1.000,1.000
227,1089,157.803,30,255,16.500,16.500,0.785,227,1.000,1.000,1.000
228,1089,182.183,79,255,16.500,16.500,0.785,228,1.000,1.000,1.000
229,1089,182.177,79,255,16.500,16.500,0.785,229,1.000,1.000,1.000
230,1089,182.185,79,255,16.500,16.500,0.785,230,1.000,1.000,1.000
231,1089,197.846,128,255,16.500,16.500,0.785,231,1.000,1.000,1.000
232,1089,182.185,79,255,16.500,16.500,0.785,232,1.000,1.000,1.000
233,1089,197.839,128,255,16.500,16.500,0.785,233,1.000,1.000,1.000
234,1089,157.796,30,255,16.500,16.500,0.785,234,1.000,1.000,1.000
235,1089,182.183,79,255,16.500,16.500,0.785,235,1.000,1.000,1.000
236,1089,152.672,2,255,16.500,16.500,0.785,236,1.000,1.000,1.000
237,1089,182.185,79,255,16.500,16.500,0.785,237,1.000,1.000,1.000
238,1089,168.820,107,255,16.500,16.500,0.785,238,1.000,1.000,1.000
239,1089,152.674,2,255,16.500,16.500,0.785,239,1.000,1.000,1.000
240,1089,197.844,128,255,16.500,16.500,0.785,240,1.000,1.000,1.000
241,1089,157.803,30,255,16.500,16.500,0.785,241,1.000,1.000,1.000
242,1089,197.844,128,255,16.500,16.500,0.785,242,1.000,1.000,1.000
243,1089,197.846,128,255,16.500,16.500,0.785,243,1.000,1.000,1.000
244,1089,150.063,55,255,16.500,16.500,0.785,244,1.000,1.000,1.000
245,1089,168.816,107,255,16.500,16.500,0.785,245,1.000,1.000,1.000
246,1089,157.796,30,255,16.500,16.500,0.785,246,1.000,1.000,1.000
247,1089,152.670,2,255,16.500,16.500,0.785,247,1.000,1.000,1.000
248,1089,168.820,107,255,16.500,16.500,0.785,248,1.000,1.000,1.000
249,1089,197.850,128,255,16.500,16.500,0.785,249,1.000,1.000,1.000
250,1089,150.063,55,255,16.500,16.500,0.785,250,1.000,1.000,1.000
251,1089,182.177,79,255,16.500,16.500,0.785,251,1.000,1.000,1.000
252,1089,150.074,55,255,16.500,16.500,0.785,252,1.000,1.000,1.000
253,1089,182.183,79,255,16.500,16.500,0.785,253,1.000,1.000,1.000
254,1089,157.811,30,255,16.500,16.500,0.785,254,1.000,1.000,1.000
255,1089,152.672,2,255,16.500,16.500,0.785,255,1.000,1.000,1.000
256,1089,169.123,107,255,16.500,16.500,0.785,256,1.000,1.000,1.000
257,1089,182.485,79,255,16.500,16.500,0.785,257,1.000,1.000,1.000
258,1089,152.669,2,255,16.500,16.500,0.785,258,1.000,1.000,1.000
259,1089,157.803,30,255,16.500,16.500,0.785,259,1.000,1.000,1.000
260,1089,197.844,128,255,16.500,16.500,0.785,260,1.000,1.000,1.000
261,1089,197.846,128,255,16.500,16.500,0.785,261,1.000,1.000,1.000
262,1089,168.820,107,255,16.500,16.500,0.785,262,1.000,1.000,1.000
263,1089,157.811,30,255,16.500,16.500,0.785,263,1.000,1.000,1.000
264,1089,152.669,2,255,16.500,16.500,0.785,264,1.000,1.000,1.000
265,1089,157.811,30,255,16.500,16.500,0.785,265,1.000,1.000,1.000
266,1089,157.803,30,255,16.500,16.500,0.785,266,1.000,1.000,1.000
267,1089,152.669,2,255,16.500,16.500,0.785,267,1.000,1.000,1.000
268,1089,197.846,128,255,16.500,16.500,0.785,268,1.000,1.000,1.000
269,1089,197.846,128,255,16.500,16.500,0.785,269,1.000,1.000,1.000
270,1089,150.085,55,255,16.500,16.500,0.785,270,1.000,1.000,1.000
271,1089,168.822,107,255,16.500,16.500,0.785,271,1.000,1.000,1.000
272,1089,197.848,128,255,16.500,16.500,0.785,272,1.000,1.000,1.000
273,1089,157.803,30,255,16.500,16.500,0.785,273,1.000,1.000,1.000
274,1089,157.811,30,255,16.500,16.500,0.785,274,1.000,1.000,1.000
275,1089,182.183,79,255,16.500,16.500,0.785,275,1.000,1.000,1.000
276,1089,182.177,79,255,16.500,16.500,0.785,276,1.000,1.000,1.000
277,1089,182.185,79,255,16.500,16.500,0.785,277,1.000,1.000,1.000
278,1089,182.177,79,255,16.500,16.500,0.785,278,1.000,1.000,1.000
279,1089,150.085,55,255,16.500,16.500,0.785,279,1.000,1.000,1.000
280,1089,150.085,55,255,16.500,16.500,0.785,280,1.000,1.000,1.000
281,1089,152.670,2,255,16.500,16.500,0.785,281,1.000,1.000,1.000
282,1089,182.177,79,255,16.500,16.500,0.785,282,1.000,1.000,1.000
283,1089,168.822,107,255,16.500,16.500,0.785,283,1.000,1.000,1.000
284,1089,182.185,79,255,16.500,16.500,0.785,284,1.000,1.000,1.000
285,1089,197.846,128,255,16.500,16.500,0.785,285,1.000,1.000,1.000
286,1089,168.820,107,255,16.500,16.500,0.785,286,1.000,1.000,1.000
287,1089,168.824,107,255,16.500,16.500,0.785,287,1.000,1.000,1.000
288,1089,198.146,128,255,16.500,16.500,0.785,288,1.000,1.000,1.000
289,1089,198.146,128,255,16.500,16.500,0.785,289,1.000,1.000,1.000
290,1089,150.085,55,255,16.500,16.500,0.785,290,1.000,1.000,1.000
291,1089,168.820,107,255,16.500,16.500,0.785,291,1.000,1.000,1.000
292,1089,152.674,2,255,16.500,16.500,0.785,292,1.000,1.000,1.000
293,1089,197.850,128,255,16.500,16.500,0.785,293,1.000,1.000,1.000
294,1089,152.672,2,255,16.500,16.500,0.785,294,1.000,1.000,1.000
295,1089,197.846,128,255,16.500,16.500,0.785,295,1.000,1.000,1.000
296,1089,168.824,107,255,16.500,16.500,0.785,296,1.000,1.000,1.000
297,1089,197.846,128,255,16.500,16.500,0.785,297,1.000,1.000,1.000
298,1089,197.846,128,255,16.500,16.500,0.785,298,1.000,1.000,1.000
299,1089,182.185,79,255,16.500,16.500,0.785,299,1.000,1.000,1.000
300,1089,182.177,79,255,16.500,16.500,0.785,300,1.000,1.000,1.000
301,1089,197.850,128,255,16.500,16.500,0.785,301,1.000,1.000,1.000
302,1089,150.074,55,255,16.500,16.500,0.785,302,1.000,1.000,1.000
303,1089,168.818,107,255,16.500,16.500,0.785,303,1.000,1.000,1.000
304,1089,150.085,55,255,16.500,16.500,0.785,304,1.000,1.000,1.000
305,1089,197.841,128,255,16.500,16.500,0.785,305,1.000,1.000,1.000
306,1089,197.841,128,255,16.500,16.500,0.785,306,1.000,1.000,1.000
307,1089,168.820,107,255,16.500,16.500,0.785,307,1.000,1.000,1.000
308,1089,182.170,79,255,16.500,16.500,0.785,308,1.000,1.000,1.000
309,1089,168.820,107,255,16.500,16.500,0.785,309,1.000,1.000,1.000
310,1089,168.820,107,255,16.500,16.500,0.785,310,1.000,1.000,1.000
311,1089,150.074,55,255,16.500,16.500,0.785,311,1.000,1.000,1.000
312,1089,197.850,128,255,16.500,16.500,0.785,312,1.000,1.000,1.000
313,1089,182.183,79,255,16.500,16.500,0.785,313,1.000,1.000,1.000
314,1089,157.803,30,255,16.500,16.500,0.785,314,1.000,1.000,1.000
315,1089,197.844,128,255,16.500,16.500,0.785,315,1.000,1.000,1.000
316,1089,197.846,128,255,16.500,16.500,0.785,316,1.000,1.000,1.000
317,1089,168.822,107,255,16.500,16.500,0.785,317,1.000,1.000,1.000
318,1089,182.185,79,255,16.500,16.500,0.785,318,1.000,1.000,1.000
319,1089,152.672,2,255,16.500,16.500,0.785,319,1.000,1.000,1.000
320,1089,158.119,30,255,16.500,16.500,0.785,320,1.000,1.000,1.000
321,1089,198.151,128,255,16.500,16.500,0.785,321,1.000,1.000,1.000
322,1089,150.085,55,255,16.500,16.500,0.785,322,1.000,1.000,1.000
323,1089,197.850,128,255,16.500,16.500,0.785,323,1.000,1.000,1.000
324,1089,152.672,2,255,16.500,16.500,0.785,324,1.000,1.000,1.000
325,1089,152.672,2,255,16.500,16.500,0.785,325,1.000,1.000,1.000
326,1089,150.074,55,255,16.500,16.500,0.785,326,1.000,1.000,1.000
327,1089,168.820,107,255,16.500,16.500,0.785,327,1.000,1.000,1.000
328,1089,197.850,128,255,16.500,16.500,0.785,328,1.000,1.000,1.000
329,1089,150.085,55,255,16.500,16.500,0.785,329,1.000,1.000,1.000
330,1089,150.074,55,255,16.500,16.500,0.785,330,1.000,1.000,1.000
331,1089,150.074,55,255,16.500,16.500,0.785,331,1.000,1.000,1.000
332,1089,182.177,79,255,16.500,16.500,0.785,332,1.000,1.000,1.000
333,1089,168.822,107,255,16.500,16.500,0.785,333,1.000,1.000,1.000
334,1089,157.811,30,255,16.500,16.500,0.785,334,1.000,1.000,1.000
335,1089,182.183,79,255,16.500,16.500,0.785,335,1.000,1.000,1.000
336,1089,152.670,2,255,16.500,16.500,0.785,336,1.000,1.000,1.000
337,1089,182.175,79,255,16.500,16.500,0.785,337,1.000,1.000,1.000
338,1089,157.803,30,255,16.500,16.500,0.785,338,1.000,1.000,1.000
339,1089,182.181,79,255,16.500,16.500,0.785,339,1.000,1.000,1.000
340,1089,157.803,30,255,16.500,16.500,0.785,340,1.000,1.000,1.000
341,1089,157.811,30,255,16.500,16.500,0.785,341,1.000,1.000,1.000
342,1089,152.669,2,255,16.500,16.500,0.785,342,1.000,1.000,1.000
343,1089,157.811,30,255,16.500,16.500,0.785,343,1.000,1.000,1.000
344,1089,150.074,55,255,16.500,16.500,0.785,344,1.000,1.000,1.000
345,1089,152.669,2,255,16.500,16.500,0.785,345,1.000,1.000,1.000
346,1089,152.669,2,255,16.500,16.500,0.785,346,1.000,1.000,1.000
347,1089,157.811,30,255,16.500,16.500,0.785,347,1.000,1.000,1.000
348,1089,168.820,107,255,16.500,16.500,0.785,348,1.000,1.000,1.000
349,1089,150.085,55,255,16.500,16.500,0.785,349,1.000,1.000,1.000
350,1089,168.820,107,255,16.500,16.500,0.785,350,1.000,1.000,1.000
351,1089,168.822,107,255,16.500,16.500,0.785,351,1.000,1.000,1.000
352,1089,152.973,2,255,16.500,16.500,0.785,352,1.000,1.000,1.000
353,1089,169.123,107,255,16.500,16.500,0.785,353,1.000,1.000,1.000
354,1089,168.820,107,255,16.500,16.500,0.785,354,1.000,1.000,1.000
355,1089,168.820,107,255,16.500,16.500,0.785,355,1.000,1.000,1.000
356,1089,157.811,30,255,16.500,16.500,0.785,356,1.000,1.000,1.000
357,1089,197.848,128,255,16.500,16.500,0.785,357,1.000,1.000,1.000
358,1089,182.183,79,255,16.500,16.500,0.785,358,1.000,1.000,1.000
359,1089,157.811,30,255,16.500,16.500,0.785,359,1.000,1.000,1.000
360,1089,152.672,2,255,16.500,16.500,0.785,360,1.000,1.000,1.000
361,1089,168.820,107,255,16.500,16.500,0.785,361,1.000,1.000,1.000
362,1089,157.811,30,255,16.500,16.500,0.785,362,1.000,1.000,1.000
363,1089,150.085,55,255,16.500,16.500,0.785,363,1.000,1.000,1.000
364,1089,152.670,2,255,16.500,16.500,0.785,364,1.000,1.000,1.000
365,1089,152.674,2,255,16.500,16.500,0.785,365,1.000,1.000,1.000
366,1089,152.672,2,255,16.500,16.500,0.785,366,1.000,1.000,1.000
367,1089,152.670,2,255,16.500,16.500,0.785,367,1.000,1.000,1.000
368,1089,150.074,55,255,16.500,16.500,0.785,368,1.000,1.000,1.000
369,1089,157.803,30,255,16.500,16.500,0.785,369,1.000,1.000,1.000
370,1089,157.796,30,255,16.500,16.500,0.785,370,1.000,1.000,1.000
371,1089,168.820,107,255,16.500,16.500,0.785,371,1.000,1.000,1.000
372,1089,197.846,128,255,16.500,16.500,0.785,372,1.000,1.000,1.000
373,1089,197.844,128,255,16.500,16.500,0.785,373,1.000,1.000,1.000
374,1089,157.811,30,255,16.500,16.500,0.785,374,1.000,1.000,1.000
375,1089,197.842,128,255,16.500,16.500,0.785,375,1.000,1.000,1.000
376,1089,157.811,30,255,16.500,16.500,0.785,376,1.000,1.000,1.000
377,1089,157.811,30,255,16.500,16.500,0.785,377,1.000,1.000,1.000
378,1089,157.803,30,255,16.500,16.500,0.785,378,1.000,1.000,1.000
379,1089,152.670,2,255,16.500,16.500,0.785,379,1.000,1.000,1.000
380,1089,197.850,128,255,16.500,16.500,0.785,380,1.000,1.000,1.000
381,1089,150.085,55,255,16.500,16.500,0.785,381,1.000,1.000,1.000
382,1089,168.820,107,255,16.500,16.500,0.785,382,1.000,1.000,1.000
383,1089,182.185,79,255,16.500,16.500,0.785,383,1.000,1.000,1.000
384,1089,182.478,79,255,16.500,16.500,0.785,384,1.000,1.000,1.000
385,1089,169.121,107,255,16.500,16.500,0.785,385,1.000,1.000,1.000
386,1089,182.185,79,255,16.500,16.500,0.785,386,1.000,1.000,1.000
387,1089,182.185,79,255,16.500,16.500,0.785,387,1.000,1.000,1.000
388,1089,197.846,128,255,16.500,16.500,0.785,388,1.000,1.000,1.000
389,1089,150.074,55,255,16.500,16.500,0.785,389,1.000,1.000,1.000
390,1089,152.667,2,255,16.500,16.500,0.785,390,1.000,1.000,1.000
391,1089,150.074,55,255,16.500,16.500,0.785,391,1.000,1.000,1.000
392,1089,168.820,107,255,16.500,16.500,0.785,392,1.000,1.000,1.000
393,1089,152.674,2,255,16.500,16.500,0.785,393,1.000,1.000,1.000
394,1089,168.820,107,255,16.500,16.500,0.785,394,1.000,1.000,1.000
395,1089,197.850,128,255,16.500,16.500,0.785,395,1.000,1.000,1.000
396,1089,152.674,2,255,16.500,16.500,0.785,396,1.000,1.000,1.000
397,1089,168.822,107,255,16.500,16.500,0.785,397,1.000,1.000,1.000
398,1089,168.822,107,255,16.500,16.500,0.785,398,1.000,1.000,1.000
399,1089,168.822,107,255,16.500,16.500,0.785,399,1.000,1.000,1.000
400,1089,182.185,79,255,16.500,16.500,0.785,400,1.000,1.000,1.000
401,1089,152.670,2,255,16.500,16.500,0.785,401,1.000,1.000,1.000
402,1089,157.803,30,255,16.500,16.500,0.785,402,1.000,1.000,1.000
403,1089,152.670,2,255,16.500,16.500,0.785,403,1.000,1.000,1.000
404,1089,150.085,55,255,16.500,16.500,0.785,404,1.000,1.000,1.000
405,1089,152.670,2,255,16.500,16.500,0.785,405,1.000,1.000,1.000
406,1089,197.846,128,255,16.500,16.500,0.785,406,1.000,1.000,1.000
407,1089,197.846,128,255,16.500,16.500,0.785,407,1.000,1.000,1.000
408,1089,150.063,55,255,16.500,16.500,0.785,408,1.000,1.000,1.000
409,1089,150.074,55,255,16.500,16.500,0.785,409,1.000,1.000,1.000
410,1089,157.803,30,255,16.500,16.500,0.785,410,1.000,1.000,1.000
411,1089,168.820,107,255,16.500,16.500,0.785,411,1.000,1.000,1.000
412,1089,197.846,128,255,16.500,16.500,0.785,412,1.000,1.000,1.000
413,1089,197.846,128,255,16.500,16.500,0.785,413,1.000,1.000,1.000
414,1089,182.185,79,255,16.500,16.500,0.785,414,1.000,1.000,1.000
415,1089,150.063,55,255,16.500,16.500,0.785,415,1.000,1.000,1.000
416,1089,182.478,79,255,16.500,16.500,0.785,416,1.000,1.000,1.000
417,1089,158.119,30,255,16.500,16.500,0.785,417,1.000,1.000,1.000
418,1089,152.669,2,255,16.500,16.500,0.785,418,1.000,1.000,1.000
419,1089,168.820,107,255,16.500,16.500,0.785,419,1.000,1.000,1.000
420,1089,197.848,128,255,16.500,16.500,0.785,420,1.000,1.000,1.000
421,1089,157.811,30,255,16.500,16.500,0.785,421,1.000,1.000,1.000
422,1089,157.811,30,255,16.500,16.500,0.785,422,1.000,1.000,1.000
423,1089,197.848,128,255,16.500,16.500,0.785,423,1.000,1.000,1.000
424,1089,182.177,79,255,16.500,16.500,0.785,424,1.000,1.000,1.000
425,1089,152.670,2,255,16.500,16.500,0.785,425,1.000,1.000,1.000
426,1089,150.074,55,255,16.500,16.500,0.785,426,1.000,1.000,1.000
427,1089,152.672,2,255,16.500,16.500,0.785,427,1.000,1.000,1.000
428,1089,168.822,107,255,16.500,16.500,0.785,428,1.000,1.000,1.000
429,1089,157.811,30,255,16.500,16.500,0.785,429,1.000,1.000,1.000
430,1089,157.811,30,255,16.500,16.500,0.785,430,1.000,1.000,1.000
431,1089,150.085,55,255,16.500,16.500,0.785,431,1.000,1.000,1.000
432,1089,150.074,55,255,16.500,16.500,0.785,432,1.000,1.000,1.000
433,1089,197.850,128,255,16.500,16.500,0.785,433,1.000,1.000,1.000
434,1089,168.822,107,255,16.500,16.500,0.785,434,1.000,1.000,1.000
435,1089,197.850,128,255,16.500,16.500,0.785,435,1.000,1.000,1.000
436,1089,168.820,107,255,16.500,16.500,0.785,436,1.000,1.000,1.000
437,1089,182.185,79,255,16.500,16.500,0.785,437,1.000,1.000,1.000
438,1089,197.844,128,255,16.500,16.500,0.785,438,1.000,1.000,1.000
439,1089,157.811,30,255,16.500,16.500,0.785,439,1.000,1.000,1.000
440,1089,157.811,30,255,16.500,16.500,0.785,440,1.000,1.000,1.000
441,1089,168.820,107,255,16.500,16.500,0.785,441,1.000,1.000,1.000
442,1089,197.844,128,255,16.500,16.500,0.785,442,1.000,1.000,1.000
443,1089,157.811,30,255,16.500,16.500,0.785,443,1.000,1.000,1.000
444,1089,157.811,30,255,16.500,16.500,0.785,444,1.000,1.000,1.000
445,1089,157.811,30,255,16.500,16.500,0.785,445,1.000,1.000,1.000
446,1089,168.816,107,255,16.500,16.500,0.785,446,1.000,1.000,1.000
447,1089,157.803,30,255,16.500,16.500,0.785,447,1.000,1.000,1.000
448,1089,198.144,128,255,16.500,16.500,0.785,448,1.000,1.000,1.000
449,1089,152.975,2,255,16.500,16.500,0.785,449,1.000,1.000,1.000
450,1089,182.185,79,255,16.500,16.500,0.785,450,1.000,1.000,1.000
451,1089,150.085,55,255,16.500,16.500,0.785,451,1.000,1.000,1.000
452,1089,152.670,2,255,16.500,16.500,0.785,452,1.000,1.000,1.000
453,1089,168.820,107,255,16.500,16.500,0.785,453,1.000,1.000,1.000
454,1089,152.669,2,255,16.500,16.500,0.785,454,1.000,1.000,1.000
455,1089,150.074,55,255,16.500,16.500,0.785,455,1.000,1.000,1.000
456,1089,182.177,79,255,16.500,16.500,0.785,456,1.000,1.000,1.000
457,1089,150.074,55,255,16.500,16.500,0.785,457,1.000,1.000,1.000
458,1089,157.811,30,255,16.500,16.500,0.785,458,1.000,1.000,1.000
459,1089,152.672,2,255,16.500,16.500,0.785,459,1.000,1.000,1.000
460,1089,197.850,128,255,16.500,16.500,0.785,460,1.000,1.000,1.000
461,1089,168.822,107,255,16.500,16.500,0.785,461,1.000,1.000,1.000
462,1089,197.841,128,255,16.500,16.500,0.785,462,1.000,1.000,1.000
463,1089,150.074,55,255,16.500,16.500,0.785,463,1.000,1.000,1.000
464,1089,152.669,2,255,16.500,16.500,0.785,464,1.000,1.000,1.000
465,1089,150.085,55,255,16.500,16.500,0.785,465,1.000,1.000,1.000
466,1089,197.846,128,255,16.500,16.500,0.785,466,1.000,1.000,1.000
467,1089,152.672,2,255,16.500,16.500,0.785,467,1.000,1.000,1.000
468,1089,150.074,55,255,16.500,16.500,0.785,468,1.000,1.000,1.000
469,1089,152.670,2,255,16.500,16.500,0.785,469,1.000,1.000,1.000
470,1089,182.185,79,255,16.500,16.500,0.785,470,1.000,1.000,1.000
471,1089,150.074,55,255,16.500,16.500,0.785,471,1.000,1.000,1.000
472,1089,168.820,107,255,16.500,16.500,0.785,472,1.000,1.000,1.000
473,1089,197.850,128,255,16.500,16.500,0.785,473,1.000,1.000,1.000
474,1089,152.672,2,255,16.500,16.500,0.785,474,1.000,1.000,1.000
475,1089,150.074,55,255,16.500,16.500,0.785,475,1.000,1.000,1.000
476,1089,197.841,128,255,16.500,16.500,0.785,476,1.000,1.000,1.000
477,1089,197.841,128,255,16.500,16.500,0.785,477,1.000,1.000,1.000
478,1089,150.074,55,255,16.500,16.500,0.785,478,1.000,1.000,1.000
479,1089,157.796,30,255,16.500,16.500,0.785,479,1.000,1.000,1.000
480,1089,150.384,55,255,16.500,16.500,0.785,480,1.000,1.000,1.000
481,1089,152.973,2,255,16.500,16.500,0.785,481,1.000,1.000,1.000
482,1089,150.063,55,255,16.500,16.500,0.785,482,1.000,1.000,1.000
483,1089,197.850,128,255,16.500,16.500,0.785,483,1.000,1.000,1.000
484,1089,150.085,55,255,16.500,16.500,0.785,484,1.000,1.000,1.000
485,1089,150.085,55,255,16.500,16.500,0.785,485,1.000,1.000,1.000
486,1089,150.085,55,255,16.500,16.500,0.785,486,1.000,1.000,1.000
487,1089,182.185,79,255,16.500,16.500,0.785,487,1.000,1.000,1.000
488,1089,152.669,2,255,16.500,16.500,0.785,488,1.000,1.000,1.000
489,1089,157.803,30,255,16.500,16.500,0.785,489,1.000,1.000,1.000
490,1089,197.839,128,255,16.500,16.500,0.785,490,1.000,1.000,1.000
491,1089,168.824,107,255,16.500,16.500,0.785,491,1.000,1.000,1.000
492,1089,168.824,107,255,16.500,16.500,0.785,492,1.000,1.000,1.000
493,1089,197.850,128,255,16.500,16.500,0.785,493,1.000,1.000,1.000
494,1089,182.183,79,255,16.500,16.500,0.785,494,1.000,1.000,1.000
495,1089,157.811,30,255,16.500,16.500,0.785,495,1.000,1.000,1.000
496,1089,197.844,128,255,16.500,16.500,0.785,496,1.000,1.000,1.000
497,1089,150.085,55,255,16.500,16.500,0.785,497,1.000,1.000,1.000
498,1089,182.177,79,255,16.500,16.500,0.785,498,1.000,1.000,1.000
499,1089,168.822,107,255,16.500,16.500,0.785,499,1.000,1.000,1.000
500,1089,182.185,79,255,16.500,16.500,0.785,500,1.000,1.000,1.000
501,1089,197.850,128,255,16.500,16.500,0.785,501,1.000,1.000,1.000
502,1089,168.822,107,255,16.500,16.500,0.785,502,1.000,1.000,1.000
503,1089,197.846,128,255,16.500,16.500,0.785,503,1.000,1.000,1.000
504,1089,168.824,107,255,16.500,16.500,0.785,504,1.000,1.000,1.000
505,1089,168.822,107,255,16.500,16.500,0.785,505,1.000,1.000,1.000
506,1089,168.822,107,255,16.500,16.500,0.785,506,1.000,1.000,1.000
507,1089,150.085,55,255,16.500,16.500,0.785,507,1.000,1.000,1.000
508,1089,157.803,30,255,16.500,16.500,0.785,508,1.000,1.000,1.000
509,1089,182.181,79,255,16.500,16.500,0.785,509,1.000,1.000,1.000
510,1089,157.803,30,255,16.500,16.500,0.785,510,1.000,1.000,1.000
511,1089,157.796,30,255,16.500,16.500,0.785,511,1.000,1.000,1.000
512,1089,169.119,107,255,16.500,16.500,0.785,512,1.000,1.000,1.000
513,1089,182.485,79,255,16.500,16.500,0.785,513,1.000,1.000,1.000
514,1089,182.185,79,255,16.500,16.500,0.785,514,1.000,1.000,1.000
515,1089,152.672,2,255,16.500,16.500,0.785,515,1.000,1.000,1.000
516,1089,150.074,55,255,16.500,16.500,0.785,516,1.000,1.000,1.000
517,1089,168.818,107,255,16.500,16.500,0.785,517,1.000,1.000,1.000
518,1089,150.085,55,255,16.500,16.500,0.785,518,1.000,1.000,1.000
519,1089,150.063,55,255,16.500,16.500,0.785,519,1.000,1.000,1.000
520,1089,182.185,79,255,16.500,16.500,0.785,520,1.000,1.000,1.000
521,1089,182.170,79,255,16.500,16.500,0.785,521,1.000,1.000,1.000
522,1089,182.177,79,255,16.500,16.500,0.785,522,1.000,1.000,1.000
523,1089,168.822,107,255,16.500,16.500,0.785,523,1.000,1.000,1.000
524,1089,152.672,2,255,16.500,16.500,0.785,524,1.000,1.000,1.000
525,1089,168.824,107,255,16.500,16.500,0.785,525,1.000,1.000,1.000
526,1089,152.672,2,255,16.500,16.500,0.785,526,1.000,1.000,1.000
527,1089,197.844,128,255,16.500,16.500,0.785,527,1.000,1.000,1.000
528,1089,157.811,30,255,16.500,16.500,0.785,528,1.000,1.000,1.000
529,1089,197.848,128,255,16.500,16.500,0.785,529,1.000,1.000,1.000
530,1089,182.177,79,255,16.500,16.500,0.785,530,1.000,1.000,1.000
531,1089,182.185,79,255,16.500,16.500,0.785,531,1.000,1.000,1.000
532,1089,168.822,107,255,16.500,16.500,0.785,532,1.000,1.000,1.000
533,1089,197.846,128,255,16.500,16.500,0.785,533,1.000,1.000,1.000
534,1089,197.850,128,255,16.500,16.500,0.785,534,1.000,1.000,1.000
535,1089,182.185,79,255,16.500,16.500,0.785,535,1.000,1.000,1.000
536,1089,197.850,128,255,16.500,16.500,0.785,536,1.000,1.000,1.000
537,1089,150.085,55,255,16.500,16.500,0.785,537,1.000,1.000,1.000
538,1089,197.850,128,255,16.500,16.500,0.785,538,1.000,1.000,1.000
539,1089,150.085,55,255,16.500,16.500,0.785,539,1.000,1.000,1.000
540,1089,182.177,79,255,16.500,16.500,0.785,540,1.000,1.000,1.000
541,1089,152.672,2,255,16.500,16.500,0.785,541,1.000,1.000,1.000
542,1089,182.175,79,255,16.500,16.500,0.785,542,1.000,1.000,1.000
543,1089,157.796,30,255,16.500,16.500,0.785,543,1.000,1.000,1.000
544,1089,198.144,128,255,16.500,16.500,0.785,544,1.000,1.000,1.000
545,1089,169.121,107,255,16.500,16.500,0.785,545,1.000,1.000,1.000
546,1089,197.846,128,255,16.500,16.500,0.785,546,1.000,1.000,1.000
547,1089,197.848,128,255,16.500,16.500,0.785,547,1.000,1.000,1.000
548,1089,157.803,30,255,16.500,16.500,0.785,548,1.000,1.000,1.000
549,1089,152.672,2,255,16.500,16.500,0.785,549,1.000,1.000,1.000
550,1089,168.820,107,255,16.500,16.500,0.785,550,1.000,1.000,1.000
551,1089,182.177,79,255,16.500,16.500,0.785,551,1.000,1.000,1.000
552,1089,150.074,55,255,16.500,16.500,0.785,552,1.000,1.000,1.000
553,1089,157.803,30,255,16.500,16.500,0.785,553,1.000,1.000,1.000
554,1089,182.175,79,255,16.500,16.500,0.785,554,1.000,1.000,1.000
555,1089,150.085,55,255,16.500,16.500,0.785,555,1.000,1.000,1.000
556,1089,157.811,30,255,16.500,16.500,0.785,556,1.000,1.000,1.000
557,1089,168.822,107,255,16.500,16.500,0.785,557,1.000,1.000,1.000
558,1089,197.850,128,255,16.500,16.500,0.785,558,1.000,1.000,1.000
559,1089,152.674,2,255,16.500,16.500,0.785,559,1.000,1.000,1.000
560,1089,168.820,107,255,16.500,16.500,0.785,560,1.000,1.000,1.000
561,1089,168.822,107,255,16.500,16.500,0.785,561,1.000,1.000,1.000
562,1089,168.822,107,255,16.500,16.500,0.785,562,1.000,1.000,1.000
563,1089,197.841,128,255,16.500,16.500,0.785,563,1.000,1.000,1.000
564,1089,168.820,107,255,16.500,16.500,0.785,564,1.000,1.000,1.000
565,1089,157.811,30,255,16.500,16.500,0.785,565,1.000,1.000,1.000
566,1089,197.848,128,255,16.500,16.500,0.785,566,1.000,1.000,1.000
567,1089,152.670,2,255,16.500,16.500,0.785,567,1.000,1.000,1.000
568,1089,150.085,55,255,16.500,16.500,0.785,568,1.000,1.000,1.000
569,1089,152.669,2,255,16.500,16.500,0.785,569,1.000,1.000,1.000
570,1089,152.674,2,255,16.500,16.500,0.785,570,1.000,1.000,1.000
571,1089,152.669,2,255,16.500,16.500,0.785,571,1.000,1.000,1.000
572,1089,150.074,55,255,16.500,16.500,0.785,572,1.000,1.000,1.000
573,1089,152.669,2,255,16.500,16.500,0.785,573,1.000,1.000,1.000
574,1089,150.063,55,255,16.500,16.500,0.785,574,1.000,1.000,1.000
575,1089,157.803,30,255,16.500,16.500,0.785,575,1.000,1.000,1.000
576,1089,158.119,30,255,16.500,16.500,0.785,576,1.000,1.000,1.000
577,1089,152.975,2,255,16.500,16.500,0.785,577,1.000,1.000,1.000
578,1089,168.824,107,255,16.500,16.500,0.785,578,1.000,1.000,1.000
579,1089,197.848,128,255,16.500,16.500,0.785,579,1.000,1.000,1.000
580,1089,157.796,30,255,16.500,16.500,0.785,580,1.000,1.000,1.000
581,1089,168.820,107,255,16.500,16.500,0.785,581,1.000,1.000,1.000
582,1089,182.177,79,255,16.500,16.500,0.785,582,1.000,1.000,1.000
583,1089,182.177,79,255,16.500,16.500,0.785,583,1.000,1.000,1.000
584,1089,168.822,107,255,16.500,16.500,0.785,584,1.000,1.000,1.000
585,1089,168.820,107,255,16.500,16.500,0.785,585,1.000,1.000,1.000
586,1089,150.063,55,255,16.500,16.500,0.785,586,1.000,1.000,1.000
587,1089,197.850,128,255,16.500,16.500,0.785,587,1.000,1.000,1.000
588,1089,150.074,55,255,16.500,16.500,0.785,588,1.000,1.000,1.000
589,1089,152.672,2,255,16.500,16.500,0.785,589,1.000,1.000,1.000
590,1089,197.846,128,255,16.500,16.500,0.785,590,1.000,1.000,1.000
591,1089,152.674,2,255,16.500,16.500,0.785,591,1.000,1.000,1.000
592,1089,182.183,79,255,16.500,16.500,0.785,592,1.000,1.000,1.000
593,1089,157.811,30,255,16.500,16.500,0.785,593,1.000,1.000,1.000
594,1089,197.848,128,255,16.500,16.500,0.785,594,1.000,1.000,1.000
595,1089,182.183,79,255,16.500,16.500,0.785,595,1.000,1.000,1.000
596,1089,157.803,30,255,16.500,16.500,0.785,596,1.000,1.000,1.000
597,1089,152.669,2,255,16.500,16.500,0.785,597,1.000,1.000,1.000
598,1089,152.674,2,255,16.500,16.500,0.785,598,1.000,1.000,1.000
599,1089,168.822,107,255,16.500,16.500,0.785,599,1.000,1.000,1.000
600,1089,168.820,107,255,16.500,16.500,0.785,600,1.000,1.000,1.000
601,1089,150.085,55,255,16.500,16.500,0.785,601,1.000,1.000,1.000
602,1089,197.850,128,255,16.500,16.500,0.785,602,1.000,1.000,1.000
603,1089,182.185,79,255,16.500,16.500,0.785,603,1.000,1.000,1.000
604,1089,197.850,128,255,16.500,16.500,0.785,604,1.000,1.000,1.000
605,1089,150.074,55,255,16.500,16.500,0.785,605,1.000,1.000,1.000
606,1089,157.811,30,255,16.500,16.500,0.785,606,1.000,1.000,1.000
607,1089,152.670,2,255,16.500,16.500,0.785,607,1.000,1.000,1.000
608,1089,169.121,107,255,16.500,16.500,0.785,608,1.000,1.000,1.000
609,1089,150.373,55,255,16.500,16.500,0.785,609,1.000,1.000,1.000
610,1089,152.670,2,255,16.500,16.500,0.785,610,1.000,1.000,1.000
611,1089,168.822,107,255,16.500,16.500,0.785,611,1.000,1.000,1.000
612,1089,157.796,30,255,16.500,16.500,0.785,612,1.000,1.000,1.000
613,1089,150.085,55,255,16.500,16.500,0.785,613,1.000,1.000,1.000
614,1089,157.803,30,255,16.500,16.500,0.785,614,1.000,1.000,1.000
615,1089,152.670,2,255,16.500,16.500,0.785,615,1.000,1.000,1.000
616,1089,197.846,128,255,16.500,16.500,0.785,616,1.000,1.000,1.000
617,1089,197.844,128,255,16.500,16.500,0.785,617,1.000,1.000,1.000
618,1089,157.811,30,255,16.500,16.500,0.785,618,1.000,1.000,1.000
619,1089,197.848,128,255,16.500,16.500,0.785,619,1.000,1.000,1.000
620,1089,197.846,128,255,16.500,16.500,0.785,620,1.000,1.000,1.000
621,1089,168.824,107,255,16.500,16.500,0.785,621,1.000,1.000,1.000
622,1089,182.185,79,255,16.500,16.500,0.785,622,1.000,1.000,1.000
623,1089,168.824,107,255,16.500,16.500,0.785,623,1.000,1.000,1.000
624,1089,152.670,2,255,16.500,16.500,0.785,624,1.000,1.000,1.000
625,1089,197.841,128,255,16.500,16.500,0.785,625,1.000,1.000,1.000
626,1089,152.674,2,255,16.500,16.500,0.785,626,1.000,1.000,1.000
627,1089,152.670,2,255,16.500,16.500,0.785,627,1.000,1.000,1.000
628,1089,157.803,30,255,16.500,16.500,0.785,628,1.000,1.000,1.000
629,1089,182.183,79,255,16.500,16.500,0.785,629,1.000,1.000,1.000
630,1089,152.670,2,255,16.500,16.500,0.785,630,1.000,1.000,1.000
631,1089,157.811,30,255,16.500,16.500,0.785,631,1.000,1.000,1.000
632,1089,197.848,128,255,16.500,16.500,0.785,632,1.000,1.000,1.000
633,1089,152.670,2,255,16.500,16.500,0.785,633,1.000,1.000,1.000
634,1089,150.085,55,255,16.500,16.500,0.785,634,1.000,1.000,1.000
635,1089,150.074,55,255,16.500,16.500,0.785,635,1.000,1.000,1.000
636,1089,150.085,55,255,16.500,16.500,0.785,636,1.000,1.000,1.000
637,1089,157.803,30,255,16.500,16.500,0.785,637,1.000,1.000,1.000
638,1089,197.844,128,255,16.500,16.500,0.785,638,1.000,1.000,1.000
639,1089,168.822,107,255,16.500,16.500,0.785,639,1.000,1.000,1.000
640,1089,152.977,2,255,16.500,16.500,0.785,640,1.000,1.000,1.000
641,1089,158.119,30,255,16.500,16.500,0.785,641,1.000,1.000,1.000
642,1089,150.085,55,255,16.500,16.500,0.785,642,1.000,1.000,1.000
643,1089,197.848,128,255,16.500,16.500,0.785,643,1.000,1.000,1.000
644,1089,157.803,30,255,16.500,16.500,0.785,644,1.000,1.000,1.000
645,1089,168.816,107,255,16.500,16.500,0.785,645,1.000,1.000,1.000
646,1089,150.074,55,255,16.500,16.500,0.785,646,1.000,1.000,1.000
647,1089,197.848,128,255,16.500,16.500,0.785,647,1.000,1.000,1.000
648,1089,157.803,30,255,16.500,16.500,0.785,648,1.000,1.000,1.000
649,1089,182.183,79,255,16.500,16.500,0.785,649,1.000,1.000,1.000
650,1089,152.672,2,255,16.500,16.500,0.785,650,1.000,1.000,1.000
651,1089,168.822,107,255,16.500,16.500,0.785,651,1.000,1.000,1.000
652,1089,157.803,30,255,16.500,16.500,0.785,652,1.000,1.000,1.000
653,1089,197.844,128,255,16.500,16.500,0.785,653,1.000,1.000,1.000
654,1089,197.846,128,255,16.500,16.500,0.785,654,1.000,1.000,1.000
655,1089,152.672,2,255,16.500,16.500,0.785,655,1.000,1.000,1.000
656,1089,150.085,55,255,16.500,16.500,0.785,656,1.000,1.000,1.000
657,1089,182.177,79,255,16.500,16.500,0.785,657,1.000,1.000,1.000
658,1089,168.822,107,255,16.500,16.500,0.785,658,1.000,1.000,1.000
659,1089,168.824,107,255,16.500,16.500,0.785,659,1.000,1.000,1.000
660,1089,152.670,2,255,16.500,16.500,0.785,660,1.000,1.000,1.000
661,1089,150.074,55,255,16.500,16.500,0.785,661,1.000,1.000,1.000
662,1089,150.074,55,255,16.500,16.500,0.785,662,1.000,1.000,1.000
663,1089,152.667,2,255,16.500,16.500,0.785,663,1.000,1.000,1.000
664,1089,150.085,55,255,16.500,16.500,0.785,664,1.000,1.000,1.000
665,1089,197.850,128,255,16.500,16.500,0.785,665,1.000,1.000,1.000
666,1089,150.074,55,255,16.500,16.500,0.785,666,1.000,1.000,1.000
667,1089,152.669,2,255,16.500,16.500,0.785,667,1.000,1.000,1.000
668,1089,152.670,2,255,16.500,16.500,0.785,668,1.000,1.000,1.000
669,1089,157.803,30,255,16.500,16.500,0.785,669,1.000,1.000,1.000
670,1089,150.085,55,255,16.500,16.500,0.785,670,1.000,1.000,1.000
671,1089,182.177,79,255,16.500,16.500,0.785,671,1.000,1.000,1.000
672,1089,198.151,128,255,16.500,16.500,0.785,672,1.000,1.000,1.000
673,1089,198.146,128,255,16.500,16.500,0.785,673,1.000,1.000,1.000
674,1089,150.074,55,255,16.500,16.500,0.785,674,1.000,1.000,1.000
675,1089,197.846,128,255,16.500,16.500,0.785,675,1.000,1.000,1.000
676,1089,152.670,2,255,16.500,16.500,0.785,676,1.000,1.000,1.000
677,1089,157.811,30,255,16.500,16.500,0.785,677,1.000,1.000,1.000
678,1089,152.669,2,255,16.500,16.500,0.785,678,1.000,1.000,1.000
679,1089,168.822,107,255,16.500,16.500,0.785,679,1.000,1.000,1.000
680,1089,157.803,30,255,16.500,16.500,0.785,680,1.000,1.000,1.000
681,1089,150.074,55,255,16.500,16.500,0.785,681,1.000,1.000,1.000
682,1089,152.672,2,255,16.500,16.500,0.785,682,1.000,1.000,1.000
683,1089,152.674,2,255,16.500,16.500,0.785,683,1.000,1.000,1.000
684,1089,182.177,79,255,16.500,16.500,0.785,684,1.000,1.000,1.000
685,1089,182.177,79,255,16.500,16.500,0.785,685,1.000,1.000,1.000
686,1089,197.850,128,255,16.500,16.500,0.785,686,1.000,1.000,1.000
687,1089,197.850,128,255,16.500,16.500,0.785,687,1.000,1.000,1.000
688,1089,150.074,55,255,16.500,16.500,0.785,688,1.000,1.000,1.000
689,1089,157.803,30,255,16.500,16.500,0.785,689,1.000,1.000,1.000
690,1089,182.183,79,255,16.500,16.500,0.785,690,1.000,1.000,1.000
691,1089,168.822,107,255,16.500,16.500,0.785,691,1.000,1.000,1.000
692,1089,197.846,128,255,16.500,16.500,0.785,692,1.000,1.000,1.000
693,1089,150.074,55,255,16.500,16.500,0.785,693,1.000,1.000,1.000
694,1089,157.803,30,255,16.500,16.500,0.785,694,1.000,1.000,1.000
695,1089,157.811,30,255,16.500,16.500,0.785,695,1.000,1.000,1.000
696,1089,168.818,107,255,16.500,16.500,0.785,696,1.000,1.000,1.000
697,1089,152.674,2,255,16.500,16.500,0.785,697,1.000,1.000,1.000
698,1089,182.185,79,255,16.500,16.500,0.785,698,1.000,1.000,1.000
699,1089,182.177,79,255,16.500,16.500,0.785,699,1.000,1.000,1.000
700,1089,152.674,2,255,16.500,16.500,0.785,700,1.000,1.000,1.000
701,1089,168.820,107,255,16.500,16.500,0.785,701,1.000,1.000,1.000
702,1089,152.670,2,255,16.500,16.500,0.785,702,1.000,1.000,1.000
703,1089,157.803,30,255,16.500,16.500,0.785,703,1.000,1.000,1.000
704,1089,198.149,128,255,16.500,16.500,0.785,704,1.000,1.000,1.000
705,1089,150.384,55,255,16.500,16.500,0.785,705,1.000,1.000,1.000
706,1089,182.185,79,255,16.500,16.500,0.785,706,1.000,1.000,1.000
707,1089,182.185,79,255,16.500,16.500,0.785,707,1.000,1.000,1.000
708,1089,197.850,128,255,16.500,16.500,0.785,708,1.000,1.000,1.000
709,1089,150.074,55,255,16.500,16.500,0.785,709,1.000,1.000,1.000
710,1089,150.085,55,255,16.500,16.500,0.785,710,1.000,1.000,1.000
711,1089,168.818,107,255,16.500,16.500,0.785,711,1.000,1.000,1.000
712,1089,150.063,55,255,16.500,16.500,0.785,712,1.000,1.000,1.000
713,1089,152.670,2,255,16.500,16.500,0.785,713,1.000,1.000,1.000
714,1089,168.824,107,255,16.500,16.500,0.785,714,1.000,1.000,1.000
715,1089,197.846,128,255,16.500,16.500,0.785,715,1.000,1.000,1.000
716,1089,150.063,55,255,16.500,16.500,0.785,716,1.000,1.000,1.000
717,1089,157.803,30,255,16.500,16.500,0.785,717,1.000,1.000,1.000
718,1089,168.818,107,255,16.500,16.500,0.785,718,1.000,1.000,1.000
719,1089,150.085,55,255,16.500,16.500,0.785,719,1.000,1.000,1.000
720,1089,157.811,30,255,16.500,16.500,0.785,720,1.000,1.000,1.000
721,1089,152.669,2,255,16.500,16.500,0.785,721,1.000,1.000,1.000
722,1089,152.670,2,255,16.500,16.500,0.785,722,1.000,1.000,1.000
723,1089,157.803,30,255,16.500,16.500,0.785,723,1.000,1.000,1.000
724,1089,182.175,79,255,16.500,16.500,0.785,724,1.000,1.000,1.000
725,1089,182.185,79,255,16.500,16.500,0.785,725,1.000,1.000,1.000
726,1089,182.177,79,255,16.500,16.500,0.785,726,1.000,1.000,1.000
727,1089,150.063,55,255,16.500,16.500,0.785,727,1.000,1.000,1.000
728,1089,157.803,30,255,16.500,16.500,0.785,728,1.000,1.000,1.000
729,1089,197.844,128,255,16.500,16.500,0.785,729,1.000,1.000,1.000
730,1089,152.670,2,255,16.500,16.500,0.785,730,1.000,1.000,1.000
731,1089,182.170,79,255,16.500,16.500,0.785,731,1.000,1.000,1.000
732,1089,152.670,2,255,16.500,16.500,0.785,732,1.000,1.000,1.000
733,1089,157.803,30,255,16.500,16.500,0.785,733,1.000,1.000,1.000
734,1089,197.848,128,255,16.500,16.500,0.785,734,1.000,1.000,1.000
735,1089,152.669,2,255,16.500,16.500,0.785,735,1.000,1.000,1.000
736,1089,150.373,55,255,16.500,16.500,0.785,736,1.000,1.000,1.000
737,1089,169.119,107,255,16.500,16.500,0.785,737,1.000,1.000,1.000
738,1089,152.670,2,255,16.500,16.500,0.785,738,1.000,1.000,1.000
739,1089,150.063,55,255,16.500,16.500,0.785,739,1.000,1.000,1.000
740,1089,152.670,2,255,16.500,16.500,0.785,740,1.000,1.000,1.000
741,1089,152.670,2,255,16.500,16.500,0.785,741,1.000,1.000,1.000
742,1089,197.850,128,255,16.500,16.500,0.785,742,1.000,1.000,1.000
743,1089,150.085,55,255,16.500,16.500,0.785,743,1.000,1.000,1.000
744,1089,157.811,30,255,16.500,16.500,0.785,744,1.000,1.000,1.000
745,1089,152.670,2,255,16.500,16.500,0.785,745,1.000,1.000,1.000
746,1089,152.672,2,255,16.500,16.500,0.785,746,1.000,1.000,1.000
747,1089,157.811,30,255,16.500,16.500,0.785,747,1.000,1.000,1.000
748,1089,157.803,30,255,16.500,16.500,0.785,748,1.000,1.000,1.000
749,1089,168.818,107,255,16.500,16.500,0.785,749,1.000,1.000,1.000
750,1089,157.811,30,255,16.500,16.500,0.785,750,1.000,1.000,1.000
751,1089,152.667,2,255,16.500,16.500,0.785,751,1.000,1.000,1.000
752,1089,150.063,55,255,16.500,16.500,0.785,752,1.000,1.000,1.000
753,1089,182.177,79,255,16.500,16.500,0.785,753,1.000,1.000,1.000
754,1089,168.820,107,255,16.500,16.500,0.785,754,1.000,1.000,1.000
755,1089,157.796,30,255,16.500,16.500,0.785,755,1.000,1.000,1.000
756,1089,182.175,79,255,16.500,16.500,0.785,756,1.000,1.000,1.000
757,1089,197.846,128,255,16.500,16.500,0.785,757,1.000,1.000,1.000
758,1089,197.846,128,255,16.500,16.500,0.785,758,1.000,1.000,1.000
759,1089,182.177,79,255,16.500,16.500,0.785,759,1.000,1.000,1.000
760,1089,182.168,79,255,16.500,16.500,0.785,760,1.000,1.000,1.000
761,1089,157.811,30,255,16.500,16.500,0.785,761,1.000,1.000,1.000
762,1089,182.183,79,255,16.500,16.500,0.785,762,1.000,1.000,1.000
763,1089,182.170,79,255,16.500,16.500,0.785,763,1.000,1.000,1.000
764,1089,150.085,55,255,16.500,16.500,0.785,764,1.000,1.000,1.000
765,1089,182.177,79,255,16.500,16.500,0.785,765,1.000,1.000,1.000
766,1089,197.846,128,255,16.500,16.500,0.785,766,1.000,1.000,1.000
767,1089,182.185,79,255,16.500,16.500,0.785,767,1.000,1.000,1.000
768,1089,182.485,79,255,16.500,16.500,0.785,768,1.000,1.000,1.000
769,1089,150.384,55,255,16.500,16.500,0.785,769,1.000,1.000,1.000
770,1089,168.820,107,255,16.500,16.500,0.785,770,1.000,1.000,1.000
771,1089,157.811,30,255,16.500,16.500,0.785,771,1.000,1.000,1.000
772,1089,182.183,79,255,16.500,16.500,0.785,772,1.000,1.000,1.000
773,1089,182.185,79,255,16.500,16.500,0.785,773,1.000,1.000,1.000
774,1089,197.850,128,255,16.500,16.500,0.785,774,1.000,1.000,1.000
775,1089,150.085,55,255,16.500,16.500,0.785,775,1.000,1.000,1.000
776,1089,150.063,55,255,16.500,16.500,0.785,776,1.000,1.000,1.000
777,1089,150.085,55,255,16.500,16.500,0.785,777,1.000,1.000,1.000
778,1089,168.822,107,255,16.500,16.500,0.785,778,1.000,1.000,1.000
779,1089,197.839,128,255,16.500,16.500,0.785,779,1.000,1.000,1.000
780,1089,157.803,30,255,16.500,16.500,0.785,780,1.000,1.000,1.000
781,1089,197.848,128,255,16.500,16.500,0.785,781,1.000,1.000,1.000
782,1089,152.669,2,255,16.500,16.500,0.785,782,1.000,1.000,1.000
783,1089,157.811,30,255,16.500,16.500,0.785,783,1.000,1.000,1.000
784,1089,157.811,30,255,16.500,16.500,0.785,784,1.000,1.000,1.000
785,1089,157.803,30,255,16.500,16.500,0.785,785,1.000,1.000,1.000
786,1089,182.175,79,255,16.500,16.500,0.785,786,1.000,1.000,1.000
787,1089,182.177,79,255,16.500,16.500,0.785,787,1.000,1.000,1.000
788,1089,150.074,55,255,16.500,16.500,0.785,788,1.000,1.000,1.000
789,1089,152.672,2,255,16.500,16.500,0.785,789,1.000,1.000,1.000
790,1089,168.820,107,255,16.500,16.500,0.785,790,1.000,1.000,1.000
791,1089,157.803,30,255,16.500,16.500,0.785,791,1.000,1.000,1.000
792,1089,182.175,79,255,16.500,16.500,0.785,792,1.000,1.000,1.000
793,1089,197.846,128,255,16.500,16.500,0.785,793,1.000,1.000,1.000
794,1089,150.074,55,255,16.500,16.500,0.785,794,1.000,1.000,1.000
795,1089,157.803,30,255,16.500,16.500,0.785,795,1.000,1.000,1.000
796,1089,197.848,128,255,16.500,16.500,0.785,796,1.000,1.000,1.000
797,1089,168.822,107,255,16.500,16.500,0.785,797,1.000,1.000,1.000
798,1089,182.185,79,255,16.500,16.500,0.785,798,1.000,1.000,1.000
799,1089,150.074,55,255,16.500,16.500,0.785,799,1.000,1.000,1.000
800,1089,169.119,107,255,16.500,16.500,0.785,800,1.000,1.000,1.000
801,1089,150.384,55,255,16.500,16.500,0.785,801,1.000,1.000,1.000
802,1089,152.672,2,255,16.500,16.500,0.785,802,1.000,1.000,1.000
803,1089,197.841,128,255,16.500,16.500,0.785,803,1.000,1.000,1.000
804,1089,150.074,55,255,16.500,16.500,0.785,804,1.000,1.000,1.000
805,1089,168.818,107,255,16.500,16.500,0.785,805,1.000,1.000,1.000
806,1089,168.824,107,255,16.500,16.500,0.785,806,1.000,1.000,1.000
807,1089,152.669,2,255,16.500,16.500,0.785,807,1.000,1.000,1.000
808,1089,157.811,30,255,16.500,16.500,0.785,808,1.000,1.000,1.000
809,1089,150.074,55,255,16.500,16.500,0.785,809,1.000,1.000,1.000
810,1089,168.820,107,255,16.500,16.500,0.785,810,1.000,1.000,1.000
811,1089,182.185,79,255,16.500,16.500,0.785,811,1.000,1.000,1.000
812,1089,150.074,55,255,16.500,16.500,0.785,812,1.000,1.000,1.000
813,1089,152.670,2,255,16.500,16.500,0.785,813,1.000,1.000,1.000
814,1089,150.085,55,255,16.500,16.500,0.785,814,1.000,1.000,1.000
815,1089,168.816,107,255,16.500,16.500,0.785,815,1.000,1.000,1.000
816,1089,150.074,55,255,16.500,16.500,0.785,816,1.000,1.000,1.000
817,1089,150.063,55,255,16.500,16.500,0.785,817,1.000,1.000,1.000
818,1089,182.177,79,255,16.500,16.500,0.785,818,1.000,1.000,1.000
819,1089,168.820,107,255,16.500,16.500,0.785,819,1.000,1.000,1.000
820,1089,168.822,107,255,16.500,16.500,0.785,820,1.000,1.000,1.000
821,1089,152.670,2,255,16.500,16.500,0.785,821,1.000,1.000,1.000
822,1089,157.811,30,255,16.500,16.500,0.785,822,1.000,1.000,1.000
823,1089,197.844,128,255,16.500,16.500,0.785,823,1.000,1.000,1.000
824,1089,197.846,128,255,16.500,16.500,0.785,824,1.000,1.000,1.000
825,1089,168.822,107,255,16.500,16.500,0.785,825,1.000,1.000,1.000
826,1089,197.850,128,255,16.500,16.500,0.785,826,1.000,1.000,1.000
827,1089,152.670,2,255,16.500,16.500,0.785,827,1.000,1.000,1.000
828,1089,150.085,55,255,16.500,16.500,0.785,828,1.000,1.000,1.000
829,1089,197.850,128,255,16.500,16.500,0.785,829,1.000,1.000,1.000
830,1089,150.074,55,255,16.500,16.500,0.785,830,1.000,1.000,1.000
831,1089,168.818,107,255,16.500,16.500,0.785,831,1.000,1.000,1.000
832,1089,169.121,107,255,16.500,16.500,0.785,832,1.000,1.000,1.000
833,1089,150.384,55,255,16.500,16.500,0.785,833,1.000,1.000,1.000
834,1089,152.670,2,255,16.500,16.500,0.785,834,1.000,1.000,1.000
835,1089,157.811,30,255,16.500,16.500,0.785,835,1.000,1.000,1.000
836,1089,168.818,107,255,16.500,16.500,0.785,836,1.000,1.000,1.000
837,1089,182.177,79,255,16.500,16.500,0.785,837,1.000,1.000,1.000
838,1089,197.846,128,255,16.500,16.500,0.785,838,1.000,1.000,1.000
839,1089,150.085,55,255,16.500,16.500,0.785,839,1.000,1.000,1.000
840,1089,152.669,2,255,16.500,16.500,0.785,840,1.000,1.000,1.000
841,1089,182.183,79,255,16.500,16.500,0.785,841,1.000,1.000,1.000
842,1089,157.803,30,255,16.500,16.500,0.785,842,1.000,1.000,1.000
843,1089,168.818,107,255,16.500,16.500,0.785,843,1.000,1.000,1.000
844,1089,197.850,128,255,16.500,16.500,0.785,844,1.000,1.000,1.000
845,1089,168.820,107,255,16.500,16.500,0.785,845,1.000,1.000,1.000
846,1089,150.085,55,255,16.500,16.500,0.785,846,1.000,1.000,1.000
847,1089,182.185,79,255,16.500,16.500,0.785,847,1.000,1.000,1.000
848,1089,152.669,2,255,16.500,16.500,0.785,848,1.000,1.000,1.000
849,1089,157.811,30,255,16.500,16.500,0.785,849,1.000,1.000,1.000
850,1089,168.820,107,255,16.500,16.500,0.785,850,1.000,1.000,1.000
851,1089,182.185,79,255,16.500,16.500,0.785,851,1.000,1.000,1.000
852,1089,168.824,107,255,16.500,16.500,0.785,852,1.000,1.000,1.000
853,1089,182.177,79,255,16.500,16.500,0.785,853,1.000,1.000,1.000
854,1089,168.822,107,255,16.500,16.500,0.785,854,1.000,1.000,1.000
855,1089,197.850,128,255,16.500,16.500,0.785,855,1.000,1.000,1.000
856,1089,168.820,107,255,16.500,16.500,0.785,856,1.000,1.000,1.000
857,1089,150.085,55,255,16.500,16.500,0.785,857,1.000,1.000,1.000
858,1089,152.670,2,255,16.500,16.500,0.785,858,1.000,1.000,1.000
859,1089,197.850,128,255,16.500,16.500,0.785,859,1.000,1.000,1.000
860,1089,152.670,2,255,16.500,16.500,0.785,860,1.000,1.000,1.000
861,1089,168.824,107,255,16.500,16.500,0.785,861,1.000,1.000,1.000
862,1089,152.670,2,255,16.500,16.500,0.785,862,1.000,1.000,1.000
863,1089,157.811,30,255,16.500,16.500,0.785,863,1.000,1.000,1.000
864,1089,150.373,55,255,16.500,16.500,0.785,864,1.000,1.000,1.000
865,1089,152.973,2,255,16.500,16.500,0.785,865,1.000,1.000,1.000
866,1089,197.850,128,255,16.500,16.500,0.785,866,1.000,1.000,1.000
867,1089,168.820,107,255,16.500,16.500,0.785,867,1.000,1.000,1.000
868,1089,182.185,79,255,16.500,16.500,0.785,868,1.000,1.000,1.000
869,1089,182.168,79,255,16.500,16.500,0.785,869,1.000,1.000,1.000
870,1089,157.811,30,255,16.500,16.500,0.785,870,1.000,1.000,1.000
871,1089,168.818,107,255,16.500,16.500,0.785,871,1.000,1.000,1.000
872,1089,157.811,30,255,16.500,16.500,0.785,872,1.000,1.000,1.000
873,1089,197.842,128,255,16.500,16.500,0.785,873,1.000,1.000,1.000
874,1089,157.803,30,255,16.500,16.500,0.785,874,1.000,1.000,1.000
875,1089,182.175,79,255,16.500,16.500,0.785,875,1.000,1.000,1.000
876,1089,150.074,55,255,16.500,16.500,0.785,876,1.000,1.000,1.000
877,1089,150.085,55,255,16.500,16.500,0.785,877,1.000,1.000,1.000
878,1089,197.846,128,255,16.500,16.500,0.785,878,1.000,1.000,1.000
879,1089,168.820,107,255,16.500,16.500,0.785,879,1.000,1.000,1.000
880,1089,182.185,79,255,16.500,16.500,0.785,880,1.000,1.000,1.000
881,1089,150.074,55,255,16.500,16.500,0.785,881,1.000,1.000,1.000
882,1089,152.672,2,255,16.500,16.500,0.785,882,1.000,1.000,1.000
883,1089,168.822,107,255,16.500,16.500,0.785,883,1.000,1.000,1.000
884,1089,197.848,128,255,16.500,16.500,0.785,884,1.000,1.000,1.000
885,1089,157.803,30,255,16.500,16.500,0.785,885,1.000,1.000,1.000
886,1089,168.822,107,255,16.500,16.500,0.785,886,1.000,1.000,1.000
887,1089,168.824,107,255,16.500,16.500,0.785,887,1.000,1.000,1.000
888,1089,182.185,79,255,16.500,16.500,0.785,888,1.000,1.000,1.000
889,1089,168.820,107,255,16.500,16.500,0.785,889,1.000,1.000,1.000
890,1089,182.185,79,255,16.500,16.500,0.785,890,1.000,1.000,1.000
891,1089,150.074,55,255,16.500,16.500,0.785,891,1.000,1.000,1.000
892,1089,182.185,79,255,16.500,16.500,0.785,892,1.000,1.000,1.000
893,1089,168.822,107,255,16.500,16.500,0.785,893,1.000,1.000,1.000
894,1089,168.822,107,255,16.500,16.500,0.785,894,1.000,1.000,1.000
895,1089,168.822,107,255,16.500,16.500,0.785,895,1.000,1.000,1.000
896,1089,182.485,79,255,16.500,16.500,0.785,896,1.000,1.000,1.000
897,1089,182.485,79,255,16.500,16.500,0.785,897,1.000,1.000,1.000
898,1089,150.085,55,255,16.500,16.500,0.785,898,1.000,1.000,1.000
899,1089,182.185,79,255,16.500,16.500,0.785,899,1.000,1.000,1.000
900,1089,168.820,107,255,16.500,16.500,0.785,900,1.000,1.000,1.000
901,1089,182.177,79,255,16.500,16.500,0.785,901,1.000,1.000,1.000
902,1089,197.841,128,255,16.500,16.500,0.785,902,1.000,1.000,1.000
903,1089,168.822,107,255,16.500,16.500,0.785,903,1.000,1.000,1.000
904,1089,197.846,128,255,16.500,16.500,0.785,904,1.000,1.000,1.000
905,1089,152.670,2,255,16.500,16.500,0.785,905,1.000,1.000,1.000
906,1089,150.063,55,255,16.500,16.500,0.785,906,1.000,1.000,1.000
907,1089,182.177,79,255,16.500,16.500,0.785,907,1.000,1.000,1.000
908,1089,182.177,79,255,16.500,16.500,0.785,908,1.000,1.000,1.000
909,1089,152.672,2,255,16.500,16.500,0.785,909,1.000,1.000,1.000
910,1089,182.183,79,255,16.500,16.500,0.785,910,1.000,1.000,1.000
911,1089,157.811,30,255,16.500,16.500,0.785,911,1.000,1.000,1.000
912,1089,150.063,55,255,16.500,16.500,0.785,912,1.000,1.000,1.000
913,1089,152.670,2,255,16.500,16.500,0.785,913,1.000,1.000,1.000
914,1089,152.672,2,255,16.500,16.500,0.785,914,1.000,1.000,1.000
915,1089,168.820,107,255,16.500,16.500,0.785,915,1.000,1.000,1.000
916,1089,150.085,55,255,16.500,16.500,0.785,916,1.000,1.000,1.000
917,1089,152.669,2,255,16.500,16.500,0.785,917,1.000,1.000,1.000
918,1089,168.824,107,255,16.500,16.500,0.785,918,1.000,1.000,1.000
919,1089,168.824,107,255,16.500,16.500,0.785,919,1.000,1.000,1.000
920,1089,197.844,128,255,16.500,16.500,0.785,920,1.000,1.000,1.000
921,1089,157.811,30,255,16.500,16.500,0.785,921,1.000,1.000,1.000
922,1089,197.837,128,255,16.500,16.500,0.785,922,1.000,1.000,1.000
923,1089,157.811,30,255,16.500,16.500,0.785,923,1.000,1.000,1.000
924,1089,197.839,128,255,16.500,16.500,0.785,924,1.000,1.000,1.000
925,1089,150.085,55,255,16.500,16.500,0.785,925,1.000,1.000,1.000
926,1089,150.085,55,255,16.500,16.500,0.785,926,1.000,1.000,1.000
927,1089,197.850,128,255,16.500,16.500,0.785,927,1.000,1.000,1.000
928,1089,152.975,2,255,16.500,16.500,0.785,928,1.000,1.000,1.000
929,1089,169.121,107,255,16.500,16.500,0.785,929,1.000,1.000,1.000
930,1089,152.670,2,255,16.500,16.500,0.785,930,1.000,1.000,1.000
931,1089,197.846,128,255,16.500,16.500,0.785,931,1.000,1.000,1.000
932,1089,150.085,55,255,16.500,16.500,0.785,932,1.000,1.000,1.000
933,1089,150.063,55,255,16.500,16.500,0.785,933,1.000,1.000,1.000
934,1089,182.177,79,255,16.500,16.500,0.785,934,1.000,1.000,1.000
935,1089,182.185,79,255,16.500,16.500,0.785,935,1.000,1.000,1.000
936,1089,150.085,55,255,16.500,16.500,0.785,936,1.000,1.000,1.000
937,1089,157.803,30,255,16.500,16.500,0.785,937,1.000,1.000,1.000
938,1089,182.183,79,255,16.500,16.500,0.785,938,1.000,1.000,1.000
939,1089,150.074,55,255,16.500,16.500,0.785,939,1.000,1.000,1.000
940,1089,157.796,30,255,16.500,16.500,0.785,940,1.000,1.000,1.000
941,1089,197.848,128,255,16.500,16.500,0.785,941,1.000,1.000,1.000
942,1089,168.820,107,255,16.500,16.500,0.785,942,1.000,1.000,1.000
943,1089,197.846,128,255,16.500,16.500,0.785,943,1.000,1.000,1.000
944,1089,182.185,79,255,16.500,16.500,0.785,944,1.000,1.000,1.000
945,1089,152.670,2,255,16.500,16.500,0.785,945,1.000,1.000,1.000
946,1089,150.085,55,255,16.500,16.500,0.785,946,1.000,1.000,1.000
947,1089,157.811,30,255,16.500,16.500,0.785,947,1.000,1.000,1.000
948,1089,152.669,2,255,16.500,16.500,0.785,948,1.000,1.000,1.000
949,1089,150.074,55,255,16.500,16.500,0.785,949,1.000,1.000,1.000
950,1089,197.850,128,255,16.500,16.500,0.785,950,1.000,1.000,1.000
951,1089,152.674,2,255,16.500,16.500,0.785,951,1.000,1.000,1.000
952,1089,152.670,2,255,16.500,16.500,0.785,952,1.000,1.000,1.000
953,1089,150.074,55,255,16.500,16.500,0.785,953,1.000,1.000,1.000
954,1089,157.811,30,255,16.500,16.500,0.785,954,1.000,1.000,1.000
955,1089,168.818,107,255,16.500,16.500,0.785,955,1.000,1.000,1.000
956,1089,182.177,79,255,16.500,16.500,0.785,956,1.000,1.000,1.000
957,1089,150.085,55,255,16.500,16.500,0.785,957,1.000,1.000,1.000
958,1089,168.818,107,255,16.500,16.500,0.785,958,1.000,1.000,1.000
959,1089,197.850,128,255,16.500,16.500,0.785,959,1.000,1.000,1.000
960,1089,198.151,128,255,16.500,16.500,0.785,960,1.000,1.000,1.000
961,1089,169.119,107,255,16.500,16.500,0.785,961,1.000,1.000,1.000
962,1089,150.085,55,255,16.500,16.500,0.785,962,1.000,1.000,1.000
963,1089,152.670,2,255,16.500,16.500,0.785,963,1.000,1.000,1.000
964,1089,168.820,107,255,16.500,16.500,0.785,964,1.000,1.000,1.000
965,1089,182.183,79,255,16.500,16.500,0.785,965,1.000,1.000,1.000
966,1089,157.803,30,255,16.500,16.500,0.785,966,1.000,1.000,1.000
967,1089,168.818,107,255,16.500,16.500,0.785,967,1.000,1.000,1.000
968,1089,152.672,2,255,16.500,16.500,0.785,968,1.000,1.000,1.000
969,1089,182.177,79,255,16.500,16.500,0.785,969,1.000,1.000,1.000
970,1089,152.672,2,255,16.500,16.500,0.785,970,1.000,1.000,1.000
971,1089,168.822,107,255,16.500,16.500,0.785,971,1.000,1.000,1.000
972,1089,182.170,79,255,16.500,16.500,0.785,972,1.000,1.000,1.000
973,1089,168.822,107,255,16.500,16.500,0.785,973,1.000,1.000,1.000
974,1089,157.811,30,255,16.500,16.500,0.785,974,1.000,1.000,1.000
975,1089,197.844,128,255,16.500,16.500,0.785,975,1.000,1.000,1.000
976,1089,152.669,2,255,16.500,16.500,0.785,976,1.000,1.000,1.000
977,1089,157.811,30,255,16.500,16.500,0.785,977,1.000,1.000,1.000
978,1089,197.844,128,255,16.500,16.500,0.785,978,1.000,1.000,1.000
979,1089,152.672,2,255,16.500,16.500,0.785,979,1.000,1.000,1.000
980,1089,168.824,107,255,16.500,16.500,0.785,980,1.000,1.000,1.000
981,1089,182.185,79,255,16.500,16.500,0.785,981,1.000,1.000,1.000
982,1089,168.822,107,255,16.500,16.500,0.785,982,1.000,1.000,1.000
983,1089,168.824,107,255,16.500,16.500,0.785,983,1.000,1.000,1.000
984,1089,182.177,79,255,16.500,16.500,0.785,984,1.000,1.000,1.000
985,1089,150.074,55,255,16.500,16.500,0.785,985,1.000,1.000,1.000
986,1089,150.074,55,255,16.500,16.500,0.785,986,1.000,1.000,1.000
987,1089,157.803,30,255,16.500,16.500,0.785,987,1.000,1.000,1.000
988,1089,157.803,30,255,16.500,16.500,0.785,988,1.000,1.000,1.000
989,1089,152.667,2,255,16.500,16.500,0.785,989,1.000,1.000,1.000
990,1089,157.811,30,255,16.500,16.500,0.785,990,1.000,1.000,1.000
991,1089,197.844,128,255,16.500,16.500,0.785,991,1.000,1.000,1.000
992,1089,152.975,2,255,16.500,16.500,0.785,992,1.000,1.000,1.000
993,1089,158.422,30,255,16.500,16.500,0.785,993,1.000,1.000,1.000
994,1089,198.147,128,255,16.500,16.500,0.785,994,1.000,1.000,1.000
995,1089,158.114,30,255,16.500,16.500,0.785,995,1.000,1.000,1.000
996,1089,182.488,79,255,16.500,16.500,0.785,996,1.000,1.000,1.000
997,1089,150.373,55,255,16.500,16.500,0.785,997,1.000,1.000,1.000
998,1089,152.973,2,255,16.500,16.500,0.785,998,1.000,1.000,1.000
999,1089,182.489,79,255,16.500,16.500,0.785,999,1.000,1.000,1.000
1000,1089,152.977,2,255,16.500,16.500,0.785,1000,1.000,1.000,1.000
1001,1089,169.121,107,255,16.500,16.500,0.785,1001,1.000,1.000,1.000
1002,1089,198.151,128,255,16.500,16.500,0.785,1002,1.000,1.000,1.000
1003,1089,198.149,128,255,16.500,16.500,0.785,1003,1.000,1.000,1.000
1004,1089,158.107,30,255,16.500,16.500,0.785,1004,1.000,1.000,1.000
1005,1089,152.975,2,255,16.500,16.500,0.785,1005,1.000,1.000,1.000
1006,1089,198.144,128,255,16.500,16.500,0.785,1006,1.000,1.000,1.000
1007,1089,158.114,30,255,16.500,16.500,0.785,1007,1.000,1.000,1.000
1008,1089,182.488,79,255,16.500,16.500,0.785,1008,1.000,1.000,1.000
1009,1089,152.973,2,255,16.500,16.500,0.785,1009,1.000,1.000,1.000
1010,1089,158.114,30,255,16.500,16.500,0.785,1010,1.000,1.000,1.000
1011,1089,152.975,2,255,16.500,16.500,0.785,1011,1.000,1.000,1.000
1012,1089,198.151,128,255,16.500,16.500,0.785,1012,1.000,1.000,1.000
1013,1089,150.373,55,255,16.500,16.500,0.785,1013,1.000,1.000,1.000
1014,1089,182.489,79,255,16.500,16.500,0.785,1014,1.000,1.000,1.000
1015,1089,152.975,2,255,16.500,16.500,0.785,1015,1.000,1.000,1.000
1016,1089,158.107,30,255,16.500,16.500,0.785,1016,1.000,1.000,1.000
1017,1089,158.114,30,255,16.500,16.500,0.785,1017,1.000,1.000,1.000
1018,1089,150.384,55,255,16.500,16.500,0.785,1018,1.000,1.000,1.000
1019,1089,158.107,30,255,16.500,16.500,0.785,1019,1.000,1.000,1.000
1020,1089,150.373,55,255,16.500,16.500,0.785,1020,1.000,1.000,1.000
1021,1089,158.114,30,255,16.500,16.500,0.785,1021,1.000,1.000,1.000
1022,1089,198.144,128,255,16.500,16.500,0.785,1022,1.000,1.000,1.000
1023,1089,182.489,79,255,16.500,16.500,0.785,1023,1.000,1.000,1.000
1024,1089,150.682,55,255,16.500,16.500,0.785,1024,1.000,1.000,1.000
